# Map author and committer names and email addresses to canonical real names
# and email addresses.
#
# To update the CREDITS file, run maintenance/updateCredits.php
#
# Two types of entries are useful here. The first sets a canonical author
# name for a given email address:
#
#   Canonical Author Name <author email>
#
# The second allows collecting alternate email addresses into a single
# canonical author name and email address:
#
#   Canonical Author Name <author email> <alternate email>
#
# Mappings are only needed for authors who have used multiple author names
# and/or author emails for revisions over time. Author names beginning with
# "[BOT]" will be omitted from the CREDITS file.
#
# See also: https://git-scm.com/docs/git-shortlog#_mapping_authors
#
[BOT] Gerrit Code Review <gerrit@wikimedia.org>
[BOT] Gerrit Patch Uploader <gerritpatchuploader@gmail.com>
[BOT] jenkins-bot <jenkins-bot@gerrit.wikimedia.org>
[BOT] jenkins-bot <jenkins-bot@gerrit.wikimedia.org> <jenkins-bot@wikimedia.org>
[BOT] libraryupgrader <tools.libraryupgrader@tools.wmflabs.org>
[BOT] Translation updater bot <l10n-bot@translatewiki.net>
Aaron liu <aaronliu0130@gmail.com>
Aaron Schulz <aschulz@wikimedia.org>
Aaron Schulz <aschulz@wikimedia.org> <aaron@users.mediawiki.org>
Abijeet Patro <apatro@wikimedia.org>
Abijeet Patro <apatro@wikimedia.org> <abijeetpatro@gmail.com>
Acamicamacaraca <zivkovica006@gmail.com>
Acamicamacaraca <zivkovica006@gmail.com> <acamicamaca006@gmail.com>
Adam Roses Wight <adam.wight@wikimedia.de>
Adam Roses Wight <adam.wight@wikimedia.de> <awight@wikimedia.org>
Adam Roses Wight <adam.wight@wikimedia.de> <spam@ludd.net>
addshore <addshorewiki@gmail.com>
addshore <addshorewiki@gmail.com> <adamshorland@gmail.com>
Aditya Sastry <ganeshaditya1@gmail.com>
Adrian Heine <adrian.heine@wikimedia.de>
Ævar Arnfjörð Bjarmason <avarab@gmail.com> <avar@users.mediawiki.org>
Alangi Derick <alangiderick@gmail.com>
Alangi Derick <alangiderick@gmail.com> <alangiderick@gmail.com>
Alangi Derick <alangiderick@gmail.com> <xsavitar.wiki@aol.com>
Aleksey Bekh-Ivanov <aleksey.bekh-ivanov@wikimedia.de>
Alex Paskulin <apaskulin@wikimedia.org>
Alex Z. <mrzmanwiki@gmail.com> <mrzman@users.mediawiki.org>
Alexander Mashin <alex.mashin@gmail.com>
Alexander Monk <krenair@gmail.com>
Alexander Monk <krenair@gmail.com> <alex@wikimedia.org>
Alexander Monk <krenair@gmail.com> <krenair@wikimedia.org>
Alexander Vorwerk <zabe@avorwerk.net>
Alexander Vorwerk <zabe@avorwerk.net> <alec@vc-celle.de>
Alexander Vorwerk <zabe@avorwerk.net> <alexander.vorwerk@stud.uni-goettingen.de>
Alexandre Emsenhuber <ialex.wiki@gmail.com>
Alexandre Emsenhuber <ialex.wiki@gmail.com> <ialex@users.mediawiki.org>
Alexandre Emsenhuber <ialex.wiki@gmail.com> <mediawiki@emsenhuber.ch>
Alexia E. Smith <washuu@gmail.com>
alistair3149 <alistair31494322@gmail.com>
AlQaholic007 <soham.parekh1998@gmail.com>
Amir E. Aharoni <amir.aharoni@mail.huji.ac.il>
Amir E. Aharoni <amir.aharoni@mail.huji.ac.il> <amire80@users.mediawiki.org>
Amir Sarabadani <ladsgroup@gmail.com> <Ladsgroup@gmail.com>
Ammarpad <ammarpad@yahoo.com>
Anders Wegge Jakobsen <awegge@gmail.com> <wegge@users.mediawiki.org>
Andre Engels <andreengels@gmail.com> <a_engels@users.mediawiki.org>
Andrew Garrett <agarrett@wikimedia.org>
Andrew Garrett <agarrett@wikimedia.org> <werdna@users.mediawiki.org>
Andrew Otto <aotto@wikimedia.org>
Andrew Otto <aotto@wikimedia.org> <acotto@gmail.com>
Angela Beesley Starling <wiki@nge.la> <angelab@users.mediawiki.org>
Antoine Musso <hashar@free.fr>
Antoine Musso <hashar@free.fr> <hashar@users.mediawiki.org>
Aran Dunkley <aran@organicdesign.co.nz> <nad@users.mediawiki.org>
Ariel Glenn <ariel@wikimedia.org> <ariel@users.mediawiki.org>
Ariel Glenn <ariel@wikimedia.org> <ariel@wikimedia.org>
Arlo Breault <abreault@wikimedia.org>
Arlo Breault <abreault@wikimedia.org> <arlolra@gmail.com>
ArtBaltai <art.baltai@speedandfunction.com>
Arthur Richards <arichards@wikimedia.org>
Arthur Richards <arichards@wikimedia.org> <awjrichards@users.mediawiki.org>
Aryeh Gregor <ayg@aryeh.name>
Aryeh Gregor <ayg@aryeh.name> <simetrical@users.mediawiki.org>
Asher Feldman <afeldman@wikimedia.org>
Asher Feldman <afeldman@wikimedia.org> <asher@users.mediawiki.org>
aude <aude.wiki@gmail.com>
Audrey Tang <audreyt@audreyt.org>
Audrey Tang <audreyt@audreyt.org> <au@localhost>
ayush_garg <ayush.ce13@iitp.ac.in>
Bae Junehyeon <devunt@gmail.com>
Bahodir Mansurov <bmansurov@wikimedia.org>
Bartosz Dziewoński <dziewonski@fastmail.fm>
Bartosz Dziewoński <dziewonski@fastmail.fm> <bdziewonski@wikimedia.org>
Bartosz Dziewoński <dziewonski@fastmail.fm> <matma.rex@gmail.com>
Bartosz Dziewoński <dziewonski@fastmail.fm> <matmarex@wikimedia.org>
Ben Hartshorne <bhartshorne@wikimedia.org> <ben@users.mediawiki.org>
Bene <benestar.wikimedia@gmail.com>
Bene <benestar.wikimedia@gmail.com> <benestar.wikimedia@googlemail.com>
Benny Situ <bsitu@wikimedia.org>
Benny Situ <bsitu@wikimedia.org> <bsitu@users.mediawiki.org>
Bernard Wang <bwang@wikimedia.org>
Bertrand Grondin <bertrand.grondin@tiscali.fr> <grondin@users.mediawiki.org>
Bill Pirkle <bpirkle@wikimedia.org>
Bill Pirkle <bpirkle@wikimedia.org> <bpirkle@wikipedia.org>
Brad Jorsch <bjorsch@wikimedia.org>
Brad Jorsch <bjorsch@wikimedia.org> <anomie.wikipedia@gmail.com>
Brandon Harris <bharris@wikimedia.org> <bharris@users.mediawiki.org>
BrandonXLF <brandfowl@gmail.com>
Brent Garber <overlordq@gmail.com>
Brent Garber <overlordq@gmail.com> <overlordq@users.mediawiki.org>
Brent Garber <overlordq@gmail.com> <wikipedia@thedarkcitadel.com>
Brian Wolff <bawolff+wn@gmail.com>
Brian Wolff <bawolff+wn@gmail.com> <bawolff@users.mediawiki.org>
Brian Wolff <bawolff+wn@gmail.com> <bawolff+svn@gmail.com>
Brooke Vibber <bvibber@wikimedia.org>
Brooke Vibber <bvibber@wikimedia.org> <brion@pobox.com>
Brooke Vibber <bvibber@wikimedia.org> <brion@users.mediawiki.org>
Brooke Vibber <bvibber@wikimedia.org> <brion@wikimedia.org>
Bryan Davis <bd808@wikimedia.org>
Bryan Davis <bd808@wikimedia.org> <bd808@bd808.com>
Bryan Tong Minh <bryan.tongminh@gmail.com>
Bryan Tong Minh <bryan.tongminh@gmail.com> <btongminh@users.mediawiki.org>
C. Scott Ananian <cscott@cscott.net>
C. Scott Ananian <cscott@cscott.net> <cananian@wikimedia.org>
Cacycle <cacyclewp@gmail.com>
cenarium <cenarium.sysop@gmail.com>
Chad Horohoe <chadh@wikimedia.org>
Chad Horohoe <chadh@wikimedia.org> <demon@users.mediawiki.org>
Charles Melbye <charlie@yourwiki.net> <charlie@users.mediawiki.org>
Chiefwei <chiefwei1989@gmail.com>
Chris Koerner <ckoerner@wikimedia.org>
Chris McMahon <cmcmahon@wikimedia.org>
Chris Steipp <csteipp@wikimedia.org>
Christian Aistleitner <christian@quelltextlich.at>
Christian Aistleitner <christian@quelltextlich.at> <qchris@users.mediawiki.org>
Christian Williams <orbit@framezero.com>
Christian Williams <orbit@framezero.com> <christian@localhost>
Christian Williams <orbit@framezero.com> <christian@wikia-inc.com>
Christoph Jauera <christoph.jauera@wikimedia.de>
Christoph Jauera <christoph.jauera@wikimedia.de> <christoph.fischer@wikimedia.de>
Christopher Johnson <root@bugzilla.wmde.de>
church of emacs <churchofemacs@users.mediawiki.org>
Cindy Cicalese <ccicalese@wikimedia.org>
Cindy Cicalese <ccicalese@wikimedia.org> <cicalese@mitre.org>
Cindy Cicalese <ccicalese@wikimedia.org> <cindom@gmail.com>
ckoerner <nobelx@gmail.com>
Clara Andrew-Wani <candrewwani@gmail.com>
Clara Andrew-Wani <candrewwani@gmail.com> <candrewwani@gmail.com>
Conrad Irwin <conrad.irwin+wiki@gmail.com> <conrad@users.mediawiki.org>
Cyndy Simiyu <csimiyu@wikimedia.org>
Dan Duvall <dduvall@wikimedia.org>
dan-nl <d_entous@yahoo.com>
Daniel A. R. Werner <daniel.a.r.werner@gmail.com>
Daniel Cannon <cannon.danielc@gmail.com> <amidaniel@users.mediawiki.org>
Daniel Friesen <mediawiki@danielfriesen.name>
Daniel Friesen <mediawiki@danielfriesen.name> <daniel@nadir-seen-fire.com>
Daniel Friesen <mediawiki@danielfriesen.name> <dantman@users.mediawiki.org>
Daniel Friesen <mediawiki@danielfriesen.name> <pub-github@nadir-seen-fire.com>
Daniel Kinzler <dkinzler@wikimedia.org>
Daniel Kinzler <dkinzler@wikimedia.org> <daniel.kinzler@wikimedia.de>
Daniel Kinzler <dkinzler@wikimedia.org> <daniel@users.mediawiki.org>
Daniel Renfro <bluecurio@gmail.com> <drenfro@vistaprint.com>
Danny B. <Wikipedia.Danny.B@email.cz>
Danny B. <Wikipedia.Danny.B@email.cz> <danny_b@users.mediawiki.org>
Danny B. <Wikipedia.Danny.B@email.cz> <danny.b@email.cz>
Danny B. <Wikipedia.Danny.B@email.cz> <wikimedia.danny.b@email.cz>
DannyS712 <dannys712.wiki@gmail.com>
DannyS712 <dannys712.wiki@gmail.com> <dannys712.enwiki@gmail.com>
Darian Anthony Patrick <dpatrick@wikimedia.org>
Darkdragon09 <ubuntu@ip-172-31-39-38.us-west-2.compute.internal>
DatGuy <datguysteam@gmail.com>
David Barratt <dbarratt@wikimedia.org>
David Causse <dcausse@wikimedia.org>
David Chan <david@sheetmusic.org.uk>
David Chan <david@sheetmusic.org.uk> <david@troi.org>
Dayllan Maza <dmaza@wikimedia.org>
Dayllan Maza <dmaza@wikimedia.org> <dayllan.maza@gmail.com>
Denny Vrandečić <dvrandecic@wikimedia.org>
Dereckson <dereckson@espace-win.org>
Derk-Jan Hartman <hartman.wiki@gmail.com>
Derk-Jan Hartman <hartman.wiki@gmail.com> <hartman@users.mediawiki.org>
Derk-Jan Hartman <hartman.wiki@gmail.com> <hartman@videolan.org>
Devi Krishnan <devikrishnan67@gmail.com>
Diederik van Liere <dvanliere@gmail.com> <diederik@users.mediawiki.org>
diesel kapasule <diesel.kapasule@speedandfunction.com>
Doğu Abaris <abaris@null.net>
Doğu Abaris <abaris@null.net> <ydogu@wikimedia.org.tr>
Domas Mituzas <domas.mituzas@gmail.com> <midom@users.mediawiki.org>
Douglas Gardner <douglas@chippy.ch>
DPStokesNZ <duncan.stokes@gmail.com>
Dreamy Jazz <dreamyjazzwikipedia@gmail.com>
Dreamy Jazz <dreamyjazzwikipedia@gmail.com> <wbrown-ctr@wikimedia.org>
Dreamy Jazz <dreamyjazzwikipedia@gmail.com> <wbrown@wikimedia.org>
Dreamy Jazz <dreamyjazzwikipedia@gmail.com> <wpgbrown@wikimedia.org>
Dylan F <dylssswp@gmail.com>
Ebrahim Byagowi <ebrahim@gnu.org>
Ed Sanders <esanders@wikimedia.org>
Elliott Eggleston <eeggleston@wikimedia.org>
Elliott Eggleston <eeggleston@wikimedia.org> <ejegg@ejegg.com>
Emad Elwany <emadelwany@hotmail.com>
Emmanuel Engelhart <kelson@kiwix.org> <kelson42@users.mediawiki.org>
Emufarmers <emufarmers@gmail.com>
Emufarmers <emufarmers@gmail.com> <emufarmers@users.mediawiki.org>
Entlinkt <entlinkt@gmx-topmail.de>
Eranroz <eranroz89@gmail.com>
Eric Gardner <egardner@wikimedia.org>
Eric Gardner <egardner@wikimedia.org> <gardner.ec@gmail.com>
Erik Bernhardson <ebernhardson@wikimedia.org>
Erik Moeller <erik@wikimedia.org>
Erik Moeller <erik@wikimedia.org> <erik@users.mediawiki.org>
Erwin Dokter <erwin@darcoury.nl>
Étienne Beaulé <beauleetienne0@gmail.com>
Evan McIntire <mcintire.evan@gmail.com>
Evan Prodromou <evanprodromou@users.mediawiki.org> <evan@users.mediawiki.org>
Federico Leva <federicoleva@tiscali.it>
Fenzik Joseph <fenzik@gmail.com> <fenzik@users.mediawiki.org>
Ferran Tufan <southparkfan223@hotmail.com>
Florian Schmidt <florian.schmidt.welzow@t-online.de>
Florian Schmidt <florian.schmidt.welzow@t-online.de> <florian.schmidt.stargatewissen@gmail.com>
fomafix <fomafix@googlemail.com>
Fran Rogers <fran@dumetella.net>
Fran Rogers <fran@dumetella.net> <krimpet@users.mediawiki.org>
Frances Goodwin <fgoodwin@wikimedia.org>
freakolowsky <freak@drajv.si>
Func <Funcer@outlook.com>
FunPika <funpikawiki@gmail.com>
Gabriel Wicke <gwicke@wikimedia.org>
Gabriel Wicke <gwicke@wikimedia.org> <gwicke@users.mediawiki.org>
Gabriel Wicke <gwicke@wikimedia.org> <wicke@wikidev.net>
gengh <ggalarzaheredero@wikimedia.org>
Geoffrey Mon <geofbot@gmail.com>
Geoffrey Trang <geoffreytrang@gmail.com>
Gergő Tisza <gtisza@wikimedia.org>
Gergő Tisza <gtisza@wikimedia.org> <tgr.huwiki@gmail.com>
Giftpflanze <gifti@tools.wmflabs.org>
Gilles Dubuc <gdubuc@wikimedia.org>
Gilles Dubuc <gdubuc@wikimedia.org> <gilles@wikimedia.org>
gladoscc <admin@glados.cc>
glaisher <glaisher.wiki@gmail.com>
Greg Sabino Mullane <greg@turnstep.com>
Greg Sabino Mullane <greg@turnstep.com> <greg@endpoint.com>
Greg Sabino Mullane <greg@turnstep.com> <greg@users.mediawiki.org>
Grunny <mwgrunny@gmail.com>
Guy Van den Broeck <guyvdb@gmail.com> <guyvdb@users.mediawiki.org>
HakanIST <ozdemir@gmail.com>
Happy-melon <happy-melon@live.com> <happy-melon@users.mediawiki.org>
Helder <he7d3r@gmail.com>
Helder <he7d3r@gmail.com> <helder.wiki@gmail.com>
HMonroy <hmonroy@wikimedia.org>
Hoo man <hoo@online.de>
Huei Tan <htan@wikimedia.org>
Huji <huji.huji@gmail.com>
Huji <huji.huji@gmail.com> <huji@users.mediawiki.org>
Ian Baker <ibaker@wikimedia.org> <raindrift@users.mediawiki.org>
Ilmari Karonen <nospam@vyznev.net> <vyznev@users.mediawiki.org>
Inez Korczyński <inez@wikia-inc.com>
Inez Korczyński <inez@wikia-inc.com> <inez@users.mediawiki.org>
isarra <s@zaori.org>
isarra <s@zaori.org> <zhorishna@gmail.com>
Ivan Lanin <ivanlanin@gmail.com> <ivanlanin@users.mediawiki.org>
Jack Phoenix <jack@countervandalism.net>
Jack Phoenix <jack@countervandalism.net> <ashley@uncyclomedia.co>
Jack Phoenix <jack@countervandalism.net> <ashley@users.mediawiki.org>
Jackmcbarn <jackmcbarn@gmail.com>
Jackmcbarn <jackmcbarn@gmail.com> <jackmcbarn@users.noreply.github.com>
jagori <jagori79@gmail.com>
Jaime Crespo <jcrespo@wikimedia.org>
Jakob Warkotsch <jakob.warkotsch@wikimedia.de>
Jakob Warkotsch <jakob.warkotsch@wikimedia.de> <j.warkotsch@gmail.com>
James D. Forrester <jforrester@wikimedia.org>
Jan Drewniak <jdrewniak@wikimedia.org>
Jan Drewniak <jdrewniak@wikimedia.org> <jan.drewniak@gmail.com>
Jan Gerber <j@thing.net>
Jan Gerber <j@thing.net> <j@users.mediawiki.org>
Jan Gerber <j@thing.net> <jgerber@wikimedia.org>
Jan Luca Naumann <jan@jans-seite.de>
Jan Luca Naumann <jan@jans-seite.de> <jan@users.mediawiki.org>
Jan Paul Posma <jp.posma@gmail.com> <janpaul123@users.mediawiki.org>
Jan Zerebecki <jan.wikimedia@zerebecki.de>
Jared Flores <jaredflores2000@gmail.com>
Jaroslav Škarvada <jskarvad@redhat.com>
jarrettmunton <jmuntjmunt@gmail.com>
Jason Richey <jasonr@wikia.com>
Jason Richey <jasonr@wikia.com> <jasonr@users.mediawiki.org>
Jason Richey <jasonr@wikia.com> <urichj00@users.mediawiki.org>
Jeff Hall <jeffreyehall@gmail.com>
Jeff Hall <jeffreyehall@gmail.com> <jhall@wikimedia.org>
Jeff Hobson <jhobson@wikimedia.org>
Jeff Janes <jeff.janes@gmail.com>
Jeremy Baron <jeremy@tuxmachine.com>
Jeremy Postlethwaite <jpostlethwaite@wikimedia.org> <jpostlethwaite@users.mediawiki.org>
Jeroen De Dauw <jeroendedauw@gmail.com>
Jeroen De Dauw <jeroendedauw@gmail.com> <jeroendedauw@users.mediawiki.org>
Jesús Martínez Novo <martineznovo@gmail.com>
Jiabao <jiabao.foss@gmail.com>
Jimmy Collins <jimmy.collins@web.de> <collinj@users.mediawiki.org>
Joel Sahleen <jsahleen@wikimedia.org>
John Du Hart <john@compwhizii.net> <johnduhart@users.mediawiki.org>
John Erling Blad <john.blad@wikimedia.de>
Jon Harald Søby <jhsoby@gmail.com>
Jon Harald Søby <jhsoby@gmail.com> <jhsoby@users.mediawiki.org>
Jon Robson <jrobson@wikimedia.org>
Jon Robson <jrobson@wikimedia.org> <jdlrobson@gmail.com>
Jsn.sherman <jsherman@wikimedia.org>
Juliusz Gonera <jgonera@gmail.com>
Juliusz Gonera <jgonera@gmail.com> <jgonera@wikimedia.org>
Jure Kajzer <freak@drajv.si>
Jure Kajzer <freak@drajv.si> <freakolowsky@users.mediawiki.org>
Justin Du <justin.d128@gmail.com>
Kai Nissen <kai.nissen@wikimedia.de>
Karun Dambiec <karun.84@gmx.de>
Katie Filbert <aude.wiki@gmail.com>
Katie Filbert <aude.wiki@gmail.com> <aude@users.mediawiki.org>
Kevin Israel <pleasestand@live.com>
Klein Muçi <kleinmuci@gmail.com>
Kosta Harlan <kharlan@wikimedia.org>
Kosta Harlan <kharlan@wikimedia.org> <kosta@fastmail.com>
Kunal Grover <kunalgrover05@gmail.com>
Kunal Mehta <legoktm@debian.org>
Kunal Mehta <legoktm@debian.org> <legoktm.wikipedia@gmail.com>
Kunal Mehta <legoktm@debian.org> <legoktm@gmail.com>
Kunal Mehta <legoktm@debian.org> <legoktm@member.fsf.org>
Kwan Ting Chan <ktc@ktchan.info> <ktchan@users.mediawiki.org>
Lectrician1 <jayandseth@gmail.com>
lekshmi <andnlnbn18@gmail.com>
Leo Koppelkamm <diebuche@gmail.com> <diebuche@users.mediawiki.org>
Leon Liesener <leon.liesener@wikipedia.de>
Leon Weber <leon@vserver152.masterssystems.com> <leon@users.mediawiki.org>
Leonardo Gregianin <leogregianin@googlemail.com> <leogregianin@users.mediawiki.org>
Leons Petrazickis <leons.petrazickis.haveyouconsiderednotincludingthisphrase@gmail.com> <leonsp@users.mediawiki.org>
liangent <liangent@gmail.com>
Lisa Ridley <lhridley@gmail.com> <lhridley@users.mediawiki.org>
Ljudusika <plo2000@i.ua>
Lucas Werkmeister <lucas.werkmeister@wikimedia.de>
Luis Felipe Schenone <schenonef@gmail.com>
Luke Welling <lwelling@wikimedia.org>
Lupo <lupo.bugzilla@gmail.com>
Lauralyn Watson <lwatson@wikimedia.org>
m4tx <m4tx@m4tx.pl>
Madman <madman.enwiki@gmail.com>
Magnus Manske <magnusmanske@googlemail.com> <magnusmanske@users.mediawiki.org>
Manuel Schneider <manuel.schneider@wikimedia.ch> <80686@users.mediawiki.org>
Marc-André Pelletier <marc@uberbox.org>
Marcin Cieślak <saper@saper.info>
Marcin Cieślak <saper@saper.info> <saper@users.mediawiki.org>
Marco Falke <maic23@live.de>
MarcoAurelio <strigiwm@gmail.com>
MarcoAurelio <strigiwm@gmail.com>  <maurelio@toolforge.org>
MarcoAurelio <strigiwm@gmail.com> <maurelio@tools.wmflabs.org>
Marielle Volz <marielle.volz@gmail.com>
Marius Hoch <hoo@online.de>
Marius Hoch <hoo@online.de> <mail@mariushoch.de>
Mark Clements <mediawiki@kennel17.co.uk> <happydog@users.mediawiki.org>
Mark Hershberger <mah@everybody.org>
Mark Hershberger <mah@everybody.org> <mah@nichework.com>
Mark Hershberger <mah@everybody.org> <mah@users.mediawiki.org>
Mark Hershberger <mah@everybody.org> <mhershberger@wikimedia.org>
Mark Holmquist <mtraceur@member.fsf.org>
Mark Holmquist <mtraceur@member.fsf.org> <mholmquist@wikimedia.org>
Marko Obrovac <mobrovac@wikimedia.org>
Markus Glaser <glaser@hallowelt.biz>
Markus Glaser <glaser@hallowelt.biz> <mglaser@users.mediawiki.org>
Martin Urbanec <martin.urbanec@wikimedia.cz>
Martin Urbanec <martin.urbanec@wikimedia.cz> <martin@urbanec.cz>
Martin Urbanec <martin.urbanec@wikimedia.cz> <murbanec@wikimedia.org>
Máté Szabó <mszabo@wikimedia.org>
Máté Szabó <mszabo@wikimedia.org> <mszabo@fandom.com>
Máté Szabó <mszabo@wikimedia.org> <mszabo@wikia-inc.com>
Máté Szabó <mszabo@wikimedia.org> <tk.999.wikia@gmail.com>
Matěj Grabovský <mgrabovsky@yahoo.com> <mgrabovsky@users.mediawiki.org>
Matěj Suchánek <matejsuchanek97@gmail.com>
Matt Johnston <mattj@emazestudios.com> <mattj@users.mediawiki.org>
Matthew Bowker <matthewrbowker.bugs@gmail.com>
Matthew Britton <hugglegurch@gmail.com> <gurch@users.mediawiki.org>
Matthew Flaschen <mflaschen@wikimedia.org>
Matthew Walker <mwalker@wikimedia.org>
Matthias Mullie <git@mullie.eu>
Matthias Mullie <git@mullie.eu> <mmullie@wikimedia.org>
MatthiasDD <Matthias_K2@gmx.de>
Max Semenik <maxsem.wiki@gmail.com>
Max Semenik <maxsem.wiki@gmail.com> <maxsem@users.mediawiki.org>
Max Semenik <maxsem.wiki@gmail.com> <semenik@gmail.com>
mbsantos <msantos@wikimedia.org>
MdsShakil <mds851913@gmail.com>
MdsShakil <mds851913@gmail.com> <mdsshakil@toolforge.org>
Meno25 <meno25mail@gmail.com>
Meno25 <meno25mail@gmail.com> <mfarag@users.mediawiki.org>
mgooley <g0013y@gmail.com>
Michael Dale <mdale@wikimedia.org> <dale@users.mediawiki.org>
Michael Große <mgrosse@wikimedia.org>
Michael Große <mgrosse@wikimedia.org> <mic.grosse@googlemail.com>
Michael Große <mgrosse@wikimedia.org> <michael.grosse@wikimedia.de>
Mikko Miettinen <miki@jedipedia.fi>
Mikko Miettinen <miki@jedipedia.fi> <97.mikko.miettinen@gmail.com>
mjbmr <mjbmri@gmail.com>
Mohamed Magdy <mohamedmk@gmail.com> <alnokta@users.mediawiki.org>
Moriel Schottlender <mschottlender@wikimedia.org>
Moriel Schottlender <mschottlender@wikimedia.org> <moriel@gmail.com>
Mormegil <mormegil@centrum.cz>
MrBlueSky <mrbluesky@wikipedia.be>
MrBlueSky <mrbluesky@wikipedia.be> <mrbluesky@localhost>
Mukunda Modell <mmodell@wikimedia.org>
MZMcBride <g@mzmcbride.com>
nadeesha <nadeesha@calcey.com> <nadeesha@users.mediawiki.org>
Namit <namit.ohri@gmail.com>
Nathan Larson <nathanlarson3141@gmail.com>
Nathan Larson <nathanlarson3141@gmail.com> <tjlsangria@gmail.com>
Nathaniel Herman <redwwjd@yahoo.com> <pinky@users.mediawiki.org>
Neil Kandalgaonkar <neilk@wikimedia.org> <neilk@users.mediawiki.org>
Nemo bis <federicoleva@tiscali.it>
nephele <nephele@skyhighway.com> <nephele@users.mediawiki.org>
Nick Jenkins <nickpj@gmail.com> <nickj@users.mediawiki.org>
Niharika Kohli <nkohli@wikimedia.org>
Niharika Kohli <nkohli@wikimedia.org> <niharikakohli29@gmail.com>
Nik Everett <neverett@wikimedia.org>
Niklas Laxström <niklas.laxstrom@gmail.com>
Niklas Laxström <niklas.laxstrom@gmail.com> <nikerabbit@users.mediawiki.org>
Nikolas Nyby <nikolas@gnu.org>
Nikolas Nyby <nikolas@gnu.org> <niknyby@riseup.net>
Nimish Gautam <nimishg@wikimedia.org> <nimishg@users.mediawiki.org>
nmw03 <nerim4n@pm.me>
Novem Linguae <novemlinguae@gmail.com>
Nuria Ruiz <nuria@wikimedia.org>
Ori Livneh <ori@wikimedia.org>
Ori Livneh <ori@wikimedia.org> <ori.livneh@gmail.com>
Oskar Jauch <oskar.jauch@gmail.com>
Ostrzyciel <ostrzycielnozyczek@gmail.com>
Ostrzyciel <ostrzycielnozyczek@gmail.com> <magwac69@gmail.com>
Owen Davis <owen@wikia-inc.com>
Owen Davis <owen@wikia-inc.com> <owen@users.mediawiki.org>
paladox <thomasmulhall410@yahoo.com>
Patricio Molina <patriciomolina@gmail.com>
Patrick Reilly <preilly@wikimedia.org>
Patrick Reilly <preilly@wikimedia.org> <preilly@users.mediawiki.org>
Patrick Westerhoff <PatrickWesterhoff@gmail.com>
Paul Copperman <paul.copperman@gmail.com> <pcopp@users.mediawiki.org>
Petar Petković <ppetkovic@wikimedia.org>
Peter Coombe <pcoombe@wikimedia.org>
Peter Coti <petercoti@gmail.com>
Peter Potrowl <peter017@gmail.com> <peter17@users.mediawiki.org>
Petr Kadlec <mormegil@centrum.cz>
Philip Tzou <philip.npc@gmail.com> <philip@users.mediawiki.org>
physikerwelt (Moritz Schubotz) <wiki@physikerwelt.de>
Piotr Miazga <piotr@polishdeveloper.pl>
Piotr Miazga <piotr@polishdeveloper.pl> <pmiazga@wikimedia.org>
PiRSquared17 <pirsquared@tools.wmflabs.org>
Platonides <platonides@gmail.com> <platonides@users.mediawiki.org>
pppery <mapreader@olum.org>
PranavK <pranavmk98@gmail.com>
Prateek Saxena <psaxena@wikimedia.org>
Prateek Saxena <psaxena@wikimedia.org> <prtksxna@gmail.com>
Priyanka Dhanda <pdhanda@wikimedia.org> <pdhanda@users.mediawiki.org>
Purodha Blissenbach <purodha@blissenbach.org>
Purodha Blissenbach <purodha@blissenbach.org> <publi@web.de>
Purodha Blissenbach <purodha@blissenbach.org> <purodha@users.mediawiki.org>
Pwirth <wirth@hallowelt.biz>
Raimond Spekking <raimond.spekking@gmail.com>
Raimond Spekking <raimond.spekking@gmail.com> <raymond@users.mediawiki.org>
Ravitej Neeli <neeliravitej@gmail.com>
Remember the dot <rememberthedot@gmail.com> <rememberthedot@users.mediawiki.org>
Reza <reza.energy@gmail.com>
Ricordisamoa <ricordisamoa@openmailbox.org>
rillke <rillke@wikipedia.de>
rillke <rillke@wikipedia.de> <rainerrillke@hotmail.com>
River Tarnell <river@wikimedia.org> <kateturner@users.mediawiki.org>
River Tarnell <river@wikimedia.org> <river@users.mediawiki.org>
Roan Kattouw <roan.kattouw@gmail.com>
Roan Kattouw <roan.kattouw@gmail.com> <catrope@users.mediawiki.org>
Roan Kattouw <roan.kattouw@gmail.com> <roan@wikimedia.org>
Rob Church <robchur@gmail.com> <robchurch@users.mediawiki.org>
Rob Lanphier <robla@robla.net>
Rob Lanphier <robla@robla.net> <robla@users.mediawiki.org>
Rob Lanphier <robla@robla.net> <robla@wikimedia.org>
Rob Moen <rmoen@mediawiki.org>
Rob Moen <rmoen@mediawiki.org> <rmoen@users.mediawiki.org>
Rob Moen <rmoen@mediawiki.org> <rmoen@wikimedia.org>
Robert Hoenig <indielives010@gmail.com>
Robert Leverington <robert@rhl.me.uk> <roberthl@users.mediawiki.org>
Robert Rohde <rarohde@gmail.com> <rarohde@users.mediawiki.org>
Robert Stojnić <rainmansr@gmail.com> <rainman@users.mediawiki.org>
Robert Vogel <vogel@hallowelt.biz>
Robin Pepermans <robinp.1273@gmail.com>
Robin Pepermans <robinp.1273@gmail.com> <robin@users.mediawiki.org>
robinhood701 <robinhood70@live.ca>
Rohan <rohan1395@yahoo.com>
Rotem Liss <rotemliss@gmail.com> <rotem@users.mediawiki.org>
Rummana Yasmeen <ryasmeen@wikimedia.org>
Russ Nelson <russnelson@gmail.com> <nelson@users.mediawiki.org>
Ryan Kaldari <rkaldari@wikimedia.org>
Ryan Kaldari <rkaldari@wikimedia.org> <kaldari@gmail.com>
Ryan Kaldari <rkaldari@wikimedia.org> <kaldari@users.mediawiki.org>
Ryan Lane <rlane32@gmail.com>
Ryan Lane <rlane32@gmail.com> <laner@users.mediawiki.org>
Ryan Lane <rlane32@gmail.com> <rlane@wikimedia.org>
Ryan Schmidt <skizzerz@gmail.com>
Ryan Schmidt <skizzerz@gmail.com> <skizzerz@skizzerz.net>
Ryan Schmidt <skizzerz@gmail.com> <skizzerz@users.mediawiki.org>
S Page <spage@wikimedia.org>
Sakretsu <sakretsu.wiki@gmail.com>
Sam Reed <reedy@wikimedia.org>
Sam Reed <reedy@wikimedia.org> <Reedy reedy@wikimedia.org>
Sam Reed <reedy@wikimedia.org> <reedy@formey.wikimedia.org>
Sam Reed <reedy@wikimedia.org> <reedy@users.mediawiki.org>
Sam Reed <reedy@wikimedia.org> <sam@reedyboy.net>
Sam Smith <git@samsmith.io>
Sammy Tarling <sam@theresnotime.co.uk>
Sammy Tarling <starling@wikimedia.org>
Sammy Tarling <starling@wikimedia.org> <starling-ctr@wikimedia.org>
Sammy Tarling <starling@wikimedia.org> <theresnotime@wikimedia.org>
Samuel Guebo <sguebo@wikimedia.org>
Samuel Guebo <sguebo@wikimedia.org> <samuelguebo@gmail.com>
Santhosh Thottingal <santhosh.thottingal@gmail.com>
Santhosh Thottingal <santhosh.thottingal@gmail.com> <santhosh@users.mediawiki.org>
SBassett <sbassett@wikimedia.org>
Schnark (Michael M.) <listenleser@gmail.com>
Scimonster <tehalmightyscimonster@gmail.com>
Sean Colombo <sean.colombo@gmail.com> <sean_colombo@users.mediawiki.org>
Sean Pringle <springle@wikimedia.org>
Seb35 <seb35wikipedia@gmail.com>
Seb35 <seb35wikipedia@gmail.com> <seb35@seb35.fr>
Sergio Santoro <santoro.srg@gmail.com>
Shahyar <shahyar@gmail.com>
Shinjiman <shinjiman@gmail.com>
Shinjiman <shinjiman@gmail.com> <shinjiman@users.mediawiki.org>
shirayuki <shirayuking@gmail.com>
Siebrand Mazeland <s.mazeland@xs4all.nl>
Siebrand Mazeland <s.mazeland@xs4all.nl> <siebrand@kitano.nl>
Siebrand Mazeland <s.mazeland@xs4all.nl> <siebrand@users.mediawiki.org>
Siebrand Mazeland <s.mazeland@xs4all.nl> <siebrand@wikimedia.org>
Simone Cuomo <simone@thisdot.co>
sjoerddebruin <sjoerddebruin@me.com>
Smriti Singh <smritis.31095@gmail.com>
Sohom Datta <sohom.datta@learner.manipal.edu>
Sohom Datta <sohom.datta@learner.manipal.edu> <sohomdatta1+git@gmail.com>
Sorawee Porncharoenwase <nullzero.free@gmail.com>
SQL <sxwiki@gmail.com> <sql@users.mediawiki.org>
ST47 <en.wp.st47@gmail.com>
stang <pmx42@live.cn>
stang <pmx42@live.cn> <stang@toolforge.org>
Stanislav Malyshev <smalyshev@gmail.com>
Stephan Gambke <s7eph4n@gmail.com>
Stephane Bisson <sbisson@wikimedia.org>
Stephen Liang <github@stephenliang.pw>
Steve Sanbeg <ffnaort@jro.qr> <sanbeg@users.mediawiki.org>
Steven Roddis <StevenRoddis@users.noreply.github.com>
Steven Walling <swalling@wikimedia.org>
Stevie Beth Mhaol <sbmhaol@wikimedia.org>
Stevie Beth Mhaol <sbmhaol@wikimedia.org> <sshirley@wikimedia.org>
Subin Siby <mail@subinsb.com>
Subin Siby <mail@subinsb.com> <subins2000@gmail.com>
Subramanya Sastry <ssastry@wikimedia.org>
Sucheta Ghoshal <sghoshal@wikimedia.org>
Sumit Asthana <asthana.sumit23@gmail.com>
Taavi Väänänen <hi@taavi.wtf>
Taavi Väänänen <hi@taavi.wtf> <hi@tassu.me>
Taavi Väänänen <hi@taavi.wtf> <taavi@wikimedia.org>
tacsipacsi <tacsipacsi@jnet.hu>
TerraCodes <terracodes@tools.wmflabs.org>
Thalia Chan <thalia@cantorion.org>
Thalia Chan <thalia@cantorion.org> <thalia.e.chan@googlemail.com>
Thiemo Kreuz <thiemo.kreuz@wikimedia.de>
Thiemo Kreuz <thiemo.kreuz@wikimedia.de> <mr.heat@gmx.de>
Thiemo Kreuz <thiemo.kreuz@wikimedia.de> <thiemo.maettig@wikimedia.de>
This, that and the other <at.light@live.com.au>
tholam <t.lam@lamsinfosystem.com>
Thomas Arrow <thomasarrow@gmail.com>
Thomas Arrow <thomasarrow@gmail.com> <thomas.arrow_ext@wikimedia.de>
Thomas Arrow <thomasarrow@gmail.com> <thomas.arrow@wikimedia.de>
Thomas Bleher <ThomasBleher@gmx.de> <tbleher@users.mediawiki.org>
Thomas Chin <tchin@wikimedia.org>
Thomas Dalton <thomas.dalton@gmail.com> <tango@users.mediawiki.org>
Thomas Gries <mail@tgries.de> <wikinaut@users.mediawiki.org>
Tim Landscheidt <tim@tim-landscheidt.de>
Tim Laqua <t.laqua@gmail.com> <tlaqua@users.mediawiki.org>
Tim Starling <tstarling@wikimedia.org>
Tim Starling <tstarling@wikimedia.org> <tstarling@users.mediawiki.org>
Timo Tijhof <krinkle@fastmail.com>
Timo Tijhof <krinkle@fastmail.com> <krinkle@users.mediawiki.org>
Timo Tijhof <krinkle@fastmail.com> <krinklemail@gmail.com>
Timo Tijhof <krinkle@fastmail.com> <timo@wikimedia.org>
Timo Tijhof <krinkle@fastmail.com> <ttijhof@wikimedia.org>
Tina Johnson <tinajohnson.1234@gmail.com>
Tobi_406 <tobim406@gmail.com>
Tom Maaswinkel <tom.maaswinkel@12wiki.eu> <thedevilonline@users.mediawiki.org>
Tomasz Finc <tfinc@wikimedia.org> <tomasz@users.mediawiki.org>
Tomasz W. Kozlowski <tomasz@twkozlowski.com>
Tomasz W. Kozlowski <tomasz@twkozlowski.com> <tomasz@twkozlowski.net>
Tomasz W. Kozlowski <tomasz@twkozlowski.com> <twkozlowski@gmail.com>
Tony Thomas <01tonythomas@gmail.com>
Tpt <thomaspt@hotmail.fr>
Trevor Parscal <trevorparscal@gmail.com>
Trevor Parscal <trevorparscal@gmail.com> <tparscal@users.mediawiki.org>
Trevor Parscal <trevorparscal@gmail.com> <tparscal@wikimedia.org>
Trey Jones <tjones@wikimedia.org>
Tyler Cipriani <tcipriani@wikimedia.org>
Tyler Romeo <tylerromeo@gmail.com>
Umherirrender <umherirrender_de.wp@web.de>
Victor Barbu <victorbarbu08@gmail.com>
Victor Vasiliev <vasilvv@mit.edu>
Victor Vasiliev <vasilvv@mit.edu> <vasilievvv@users.mediawiki.org>
Victor Vasiliev <vasilvv@mit.edu> <vasilvv@gmail.com>
Vikas S Yaligar <vikasyaligar.it@gmail.com>
Vinitha <vinithacse@gmail.com>
Vivek Ghaisas <v.a.ghaisas@gmail.com>
Vlad Shapik <vlad.shapik@speedandfunction.com>
Volker E. <volker.e@wikimedia.org>
Waldir Pimenta <waldir@email.com>
Waldir Pimenta <waldir@email.com> <waldyrious@gmail.com>
wctaiwan <wctaiwan@gmail.com>
Wendy Quarshie <wquarshie@wikimedia.org>
withoutaname <drevitchi@gmail.com>
X! <soxred93@gmail.com> <soxred93@users.mediawiki.org>
Yaron Koren <yaron57@gmail.com>
Yaron Koren <yaron57@gmail.com> <yaron@users.mediawiki.org>
Yaroslav Melnychuk <yaroslavmelnuchuk@gmail.com>
Yongmin Hong <revi@omglol.email>
Yongmin Hong <revi@omglol.email> <revi@member.fsf.org>
Yongmin Hong <revi@omglol.email> <revi@pobox.com>
Yongmin Hong <revi@omglol.email> <reviwiki@gmail.com>
Yuri Astrakhan <yurik@wikimedia.org>
Yuri Astrakhan <yurik@wikimedia.org> <yuriastrakhan@gmail.com>
Yuri Astrakhan <yurik@wikimedia.org> <yurik@users.mediawiki.org>
Yuriy Shnitkovskiy <bmp2558@gmail.com>
Yuriy Shnitkovskiy <bmp2558@gmail.com> <dominno@ukr.net>
Yusuke Matsubara <whym@whym.org>
Yuvi Panda <yuvipanda@gmail.com>
Zak Greant <zak+mediawiki@fooassociates.com> <zak@users.mediawiki.org>
Željko Filipin <zeljko.filipin@gmail.com>
Željko Filipin <zeljko.filipin@gmail.com> <zfilipin@wikimedia.org>
Zhengzhu Feng <zhengzhu@gmail.com>
Zhengzhu Feng <zhengzhu@gmail.com> <zhengzhu@users.mediawiki.org>
Zoranzoki21 <zorandori4444@gmail.com>
Zoranzoki21 <zorandori4444@gmail.com> <zoranzoki21@gerrit.wikimedia.org>
Zppix <support@zppixballee.com>
Zppix <support@zppixballee.com> <Megadev44s.mail@gmail.com>
星耀晨曦 <razesoldier@outlook.com>
星耀晨曦 <razesoldier@outlook.com> <liguangjie4399@hotmail.com>
沈澄心 <dringsim@qq.com>
